,Name,Label,Location,Price,Kms_driven,Fuel_type,Owner,Year,Company
3,Hyundai Venue -,PLATINUM,Chennai,1019699,16112, Petrol , 2nd Owner,2019,Hyundai
4,Honda Jazz -,PLATINUM,Pune,713499,30988, Petrol , 2nd Owner,2017,Honda
5,Hyundai i20 -,PLATINUM,Pune,391099,69163, Diesel , 2nd Owner,2013,Hyundai
6,Maruti Suzuki Swift,PLATINUM,Pune,474299,42859, Petrol , 2nd Owner,2015,Maruti
7,Toyota Corolla Altis,PLATINUM,Pune,1252999,34919, Petrol , 1st Owner,2017,Toyota
9,Hyundai Elite i20,PLATINUM,Pune,730899,13687, Petrol , 1st Owner,2017,Hyundai
10,Maruti Suzuki Alto,PLATINUM,Pune,343099,29848, Petrol , 2nd Owner,2018,Maruti
11,Honda Jazz -,PLATINUM,Pune,707599,21426, Petrol , 2nd Owner,2018,Honda
12,Maruti Suzuki Baleno,PLATINUM,Pune,688899,68177, Diesel , 2nd Owner,2016,Maruti
13,Jeep Compass -,PLATINUM,Pune,1421599,70650, Diesel , 1st Owner,2017,Jeep
14,Maruti Suzuki Alto,PLATINUM,Pune,399999,25730, Petrol , 2nd Owner,2017,Maruti
15,Kia Seltos -,PLATINUM,Pune,1473299,47096, Petrol , 2nd Owner,2019,Kia
18,Hyundai Creta 1.6,GOLD,Chennai,600000,58460, Diesel , 1st Owner,2019,Hyundai
19,Kia Seltos -,GOLD,Chennai,800000,48000, Petrol , 1st Owner,2020,Kia
24,Ford Ecosport -,PLATINUM,Pune,807499,23698, Petrol , 1st Owner,2017,Ford
25,Hyundai Grand i10,PLATINUM,Pune,522999,37860, Petrol , 2nd Owner,2016,Hyundai
26,Maruti Suzuki Swift,PLATINUM,Pune,474299,91830, Petrol , 2nd Owner,2015,Maruti
27,Hyundai Elite i20,PLATINUM,Pune,740899,31172, Petrol , 2nd Owner,2019,Hyundai
28,Toyota Yaris -,PLATINUM,Pune,1141999,3243, Petrol , 2nd Owner,2021,Toyota
29,Tata Nexon -,PLATINUM,Pune,971299,9616, Petrol , 2nd Owner,2020,Tata
30,Maruti Suzuki Baleno,PLATINUM,Pune,640999,30249, Petrol , 2nd Owner,2017,Maruti
31,Maruti Suzuki Baleno,PLATINUM,Pune,676199,60875, Petrol , 2nd Owner,2019,Maruti
32,Maruti Suzuki Swift,PLATINUM,Chennai,562399,25740, Petrol , 2nd Owner,2017,Maruti
33,Ford Ecosport 1.0,PLATINUM,Pune,580899,38587, Petrol , 2nd Owner,2014,Ford
34,Renault Triber -,PLATINUM,Pune,770999,3108, Petrol , 2nd Owner,2021,Renault
35,Honda Amaze -,PLATINUM,Pune,531399,35353, Petrol , 2nd Owner,2016,Honda
36,Hyundai EON Magna,PLATINUM,Pune,367299,34748, Petrol , 2nd Owner,2017,Hyundai
37,Maruti Suzuki Alto,PLATINUM,Pune,412199,2359, Petrol , 2nd Owner,2020,Maruti
38,Hyundai Creta S,PLATINUM,Pune,1460099,17814, Diesel , 2nd Owner,2020,Hyundai
39,Maruti Suzuki Baleno,PLATINUM,Pune,618699,68934, Petrol , 2nd Owner,2018,Maruti
40,Hyundai i20 Asta,GOLD,Bangalore,485000,72600, Petrol , 2nd Owner,2014,Hyundai
42,Nissan Micra XV,GOLD,Chennai,245000,80000, Diesel , 1st Owner,2012,Nissan
47,MG Motors Hector,GOLD,Chennai,1200000,36000, Diesel , 1st Owner,2020,MG
48,Maruti Suzuki Wagon,PLATINUM,Pune,490199,15840, Petrol , 2nd Owner,2017,Maruti
49,Maruti Suzuki Baleno,PLATINUM,Pune,618699,68934, Petrol , 2nd Owner,2018,Maruti
50,Maruti Suzuki Vitara,PLATINUM,Pune,920999,32482, Diesel , 2nd Owner,2017,Maruti
51,Honda City -,PLATINUM,Pune,554399,113779, Diesel , 2nd Owner,2014,Honda
52,Maruti Suzuki Wagon,PLATINUM,Pune,408999,26150, Petrol , 2nd Owner,2017,Maruti
53,Mahindra XUV 500,PLATINUM,Pune,1248299,34555, Diesel , 2nd Owner,2018,Mahindra
54,Maruti Suzuki Baleno,PLATINUM,Pune,636099,30880, Petrol , 1st Owner,2018,Maruti
55,Hyundai i20 Asta,PLATINUM,Pune,452699,70423, Petrol , 1st Owner,2013,Hyundai
56,Hyundai Elite i20,PLATINUM,Pune,704399,30232, Diesel , 2nd Owner,2018,Hyundai
57,Volkswagen Polo -,PLATINUM,Pune,553599,50077, Petrol , 2nd Owner,2016,Volkswagen
58,Ford Ecosport -,PLATINUM,Pune,999599,18482, Diesel , 2nd Owner,2018,Ford
59,Maruti Suzuki Baleno,PLATINUM,Pune,684699,10246, Petrol , 2nd Owner,2018,Maruti
60,Maruti Suzuki Baleno,PLATINUM,Pune,620399,25021, Petrol , 2nd Owner,2016,Maruti
61,Hyundai Elite i20,PLATINUM,Pune,549899,70646, Petrol , 2nd Owner,2014,Hyundai
62,Maruti Suzuki Vitara,PLATINUM,Pune,812899,45490, Diesel , 2nd Owner,2018,Maruti
63,Ford Ecosport -,PLATINUM,Chennai,656699,53306, Diesel , 2nd Owner,2016,Ford
64,Hyundai Creta 1.6,GOLD,Chennai,725000,58460, Diesel , 1st Owner,2019,Hyundai
65,Hyundai Venue -,GOLD,Chennai,600000,29000, Diesel , 1st Owner,2019,Hyundai
72,Hyundai Creta 1.6,PLATINUM,Pune,818599,69215, Petrol , 1st Owner,2017,Hyundai
73,Hyundai Verna 1.6,PLATINUM,Pune,862399,33340, Petrol , 1st Owner,2018,Hyundai
74,Renault Triber -,PLATINUM,Pune,673599,9783, Petrol , 2nd Owner,2019,Renault
75,Hyundai Santro Sportz,PLATINUM,Pune,528899,15110, Petrol , 2nd Owner,2018,Hyundai
76,Maruti Suzuki S,PLATINUM,Pune,527999,3399, Petrol , 2nd Owner,2021,Maruti
77,Mahindra XUV 500,PLATINUM,Pune,791699,89310, Diesel , 1st Owner,2013,Mahindra
78,Maruti Suzuki Wagon,PLATINUM,Chennai,392999,53148, Petrol , 1st Owner,2015,Maruti
79,Honda City VX,PLATINUM,Pune,690199,42020, Petrol , 1st Owner,2015,Honda
80,Maruti Suzuki Swift,PLATINUM,Pune,474699,74594, Diesel , 2nd Owner,2013,Maruti
81,MG Motors Hector,PLATINUM,Pune,2019899,6110, Petrol , 2nd Owner,2021,MG
82,Hyundai Grand i10,PLATINUM,Pune,562299,24346, Petrol , 2nd Owner,2017,Hyundai
83,Jeep Compass -,PLATINUM,Pune,1400999,65668, Diesel , 1st Owner,2017,Jeep
84,Renault Kwid -,PLATINUM,Pune,447599,48644, Petrol , 2nd Owner,2018,Renault
85,Toyota Innova Crysta,PLATINUM,Pune,1814599,36877, Diesel , 2nd Owner,2018,Toyota
86,Tata Nexon -,PLATINUM,Pune,920399,79673, Diesel , 2nd Owner,2018,Tata
87,Maruti Suzuki Swift,PLATINUM,Pune,447599,54352, Petrol , 2nd Owner,2014,Maruti
91,Mahindra Xylo -,GOLD,Kozhikode,525000,107000, Diesel , 1st Owner,2015,Mahindra
92,Mahindra Xylo -,GOLD,Kozhikode,525000,107000, Diesel , 2nd Owner,2015,Mahindra
96,Maruti Suzuki Alto,PLATINUM,Pune,343299,48658, Petrol , 2nd Owner,2017,Maruti
97,MG Motors Hector,PLATINUM,Pune,1711499,11998, Petrol , 2nd Owner,2020,MG
98,Maruti Suzuki Vitara,PLATINUM,Pune,918799,32513, Diesel , 2nd Owner,2018,Maruti
99,Hyundai Grand i10,PLATINUM,Pune,526399,21372, Petrol , 2nd Owner,2016,Hyundai
100,Volkswagen Vento -,PLATINUM,Pune,881099,34178, Petrol , 1st Owner,2017,Volkswagen
101,Kia Seltos -,PLATINUM,Pune,1764199,20547, Petrol , 2nd Owner,2019,Kia
102,Maruti Suzuki Baleno,PLATINUM,Pune,639199,34731, Petrol , 2nd Owner,2016,Maruti
103,Hyundai Grand i10,PLATINUM,Pune,522999,30536, Petrol , 1st Owner,2016,Hyundai
104,MG Motors Hector,PLATINUM,Bangalore,1917599,10205, Diesel , 2nd Owner,2019,MG
105,Maruti Suzuki Wagon,PLATINUM,Pune,466599,25483, Petrol , 2nd Owner,2017,Maruti
106,Toyota Corolla Altis,PLATINUM,Pune,1397699,39113, Petrol , 2nd Owner,2017,Toyota
107,Maruti Suzuki Ignis,PLATINUM,Pune,504399,43152, Petrol , 2nd Owner,2017,Maruti
108,MG Motors Hector,PLATINUM,Pune,1920399,5325, Petrol , 2nd Owner,2020,MG
109,Ford Ecosport -,PLATINUM,Pune,917599,44705, Petrol , 2nd Owner,2018,Ford
110,Toyota Etios -,PLATINUM,Pune,319099,70022, Petrol , 2nd Owner,2011,Toyota
111,Maruti Suzuki Celerio,PLATINUM,Pune,484399,47435, Petrol , 2nd Owner,2017,Maruti
115,Honda City 1.5,GOLD,Lucknow,73000,195000, Petrol , 2nd Owner,2001,Honda
117,Hyundai Verna 1.6,GOLD,Coimbatore,1550000,13000, Petrol , 1st Owner,2022,Hyundai
118,Mahindra e2o T2,GOLD,Bangalore,420000,46000, Electric , 1st Owner,2016,Mahindra
119,Toyota Fortuner 4x4,GOLD,Kolkata,1595000,72000, Diesel , 1st Owner,2015,Toyota
120,Hyundai Xcent -,PLATINUM,Pune,573499,29026, Petrol , 2nd Owner,2016,Hyundai
121,Hyundai Creta 1.6,PLATINUM,Pune,879199,59258, Petrol , 2nd Owner,2015,Hyundai
122,Mahindra XUV 500,PLATINUM,Pune,733399,120399, Diesel , 1st Owner,2014,Mahindra
123,Maruti Suzuki Vitara,PLATINUM,Pune,967599,28853, Diesel , 2nd Owner,2018,Maruti
124,Honda City -,PLATINUM,Pune,1539299,9811, Petrol , 2nd Owner,2020,Honda
125,Hyundai i20 Active,PLATINUM,Pune,561499,43538, Petrol , 2nd Owner,2015,Hyundai
126,Hyundai Creta -,PLATINUM,Pune,1042699,66400, Petrol , 2nd Owner,2017,Hyundai
127,Maruti Suzuki S,PLATINUM,Pune,1032099,59341, Diesel , 2nd Owner,2017,Maruti
128,Hyundai Creta -,PLATINUM,Pune,903499,56246, Petrol , 2nd Owner,2016,Hyundai
129,Honda Amaze -,PLATINUM,Pune,472499,35944, Petrol , 2nd Owner,2014,Honda
130,Honda WR V,PLATINUM,Pune,771299,17699, Petrol , 2nd Owner,2018,Honda
131,Maruti Suzuki Wagon,PLATINUM,Pune,447099,41065, Petrol , 2nd Owner,2017,Maruti
132,Renault Kwid -,PLATINUM,Pune,504599,2311, Petrol , 2nd Owner,2019,Renault
133,Hyundai Grand i10,PLATINUM,Pune,620999,2991, Petrol , 2nd Owner,2018,Hyundai
134,Hyundai Grand i10,PLATINUM,Pune,433999,29762, Petrol , 2nd Owner,2015,Hyundai
135,Skoda Rapid -,PLATINUM,Pune,627499,91917, Diesel , 2nd Owner,2016,Skoda
144,Renault Kwid -,PLATINUM,Pune,504599,2311, Petrol , 2nd Owner,2019,Renault
145,Maruti Suzuki Dzire,PLATINUM,Pune,704199,30771, Petrol , 2nd Owner,2018,Maruti
146,Hyundai Santro Sportz,PLATINUM,Pune,513099,29488, Petrol , 2nd Owner,2018,Hyundai
147,Renault Kwid -,PLATINUM,Pune,469399,36559, Petrol , 2nd Owner,2019,Renault
148,Honda WR V,PLATINUM,Pune,844199,38242, Diesel , 2nd Owner,2018,Honda
149,Maruti Suzuki Ignis,PLATINUM,Pune,544799,66426, Petrol , 1st Owner,2017,Maruti
150,Volkswagen Polo -,PLATINUM,Pune,710899,16950, Petrol , 2nd Owner,2018,Volkswagen
151,Maruti Suzuki Baleno,PLATINUM,Pune,580599,18866, Petrol , 2nd Owner,2016,Maruti
152,Maruti Suzuki Swift,PLATINUM,Pune,638499,53245, Diesel , 1st Owner,2017,Maruti
153,Hyundai Verna -,PLATINUM,Pune,654699,44543, Petrol , 1st Owner,2016,Hyundai
154,Maruti Suzuki S,PLATINUM,Pune,894199,50128, Diesel , 1st Owner,2018,Maruti
155,Maruti Suzuki S,PLATINUM,Pune,858599,56349, Diesel , 2nd Owner,2018,Maruti
156,Maruti Suzuki S,PLATINUM,Pune,992199,69524, Diesel , 2nd Owner,2017,Maruti
157,Volkswagen Polo -,PLATINUM,Pune,714999,41218, Petrol , 1st Owner,2017,Volkswagen
158,Maruti Suzuki Baleno,PLATINUM,Pune,765599,9085, Petrol , 1st Owner,2020,Maruti
159,MG Motors Hector,PLATINUM,Bangalore,1800299,11292, Diesel , 2nd Owner,2019,MG
160,Mercedes Benz C,GOLD,Mumbai,1190000,75000, Diesel , 2nd Owner,2011,Mercedes
165,Maruti Suzuki Ertiga,GOLD,Delhi,600000,48600, Diesel , 1st Owner,2015,Maruti
166,Maruti Suzuki Alto,GOLD,Delhi,336000,3600, Petrol , 1st Owner,2019,Maruti
168,Maruti Suzuki Dzire,PLATINUM,Pune,680699,29594, Petrol , 2nd Owner,2019,Maruti
169,Honda City VX,PLATINUM,Pune,714899,55953, Petrol , 1st Owner,2015,Honda
170,Maruti Suzuki Alto,PLATINUM,Pune,316799,16980, Petrol , 1st Owner,2016,Maruti
171,Ford Ecosport -,PLATINUM,Pune,675099,41828, Diesel , 2nd Owner,2016,Ford
172,Maruti Suzuki S,PLATINUM,Pune,1057399,64803, Diesel , 2nd Owner,2018,Maruti
173,Maruti Suzuki Ertiga,PLATINUM,Pune,938099,44460, Diesel , 2nd Owner,2018,Maruti
174,Tata Nexon -,PLATINUM,Pune,1057699,14276, Diesel , 2nd Owner,2018,Tata
175,Maruti Suzuki Wagon,PLATINUM,Pune,610099,23425, Petrol , 2nd Owner,2019,Maruti
176,Maruti Suzuki Alto,PLATINUM,Pune,452199,23056, Petrol , 2nd Owner,2018,Maruti
177,Hyundai Elite i20,PLATINUM,Pune,712699,16102, Petrol , 2nd Owner,2019,Hyundai
178,Maruti Suzuki Vitara,PLATINUM,Pune,838699,56615, Diesel , 1st Owner,2019,Maruti
179,Mahindra TUV300 -,PLATINUM,Pune,666899,70317, Diesel , 1st Owner,2015,Mahindra
180,MG Motors Hector,PLATINUM,Bangalore,1681899,6760, Petrol , 2nd Owner,2020,MG
181,MG Motors Hector,PLATINUM,Chennai,1854599,8870, Petrol , 2nd Owner,2020,MG
182,Maruti Suzuki Baleno,PLATINUM,Pune,571499,78209, Petrol , 1st Owner,2016,Maruti
183,Volkswagen Vento -,PLATINUM,Pune,589199,64292, Petrol , 2nd Owner,2015,Volkswagen
188,Toyota Fortuner 3.0,GOLD,Chandigarh,1231000,117000, Diesel , 2nd Owner,2012,Toyota
190,Hyundai i20 Magna,GOLD,Bangalore,320000,89450, Diesel , 2nd Owner,2011,Hyundai
192,Maruti Suzuki Alto,PLATINUM,Pune,351699,58771, Petrol , 2nd Owner,2015,Maruti
193,Maruti Suzuki Alto,PLATINUM,Pune,299199,53266, Petrol , 2nd Owner,2016,Maruti
194,Honda Amaze -,PLATINUM,Pune,657199,9200, Petrol , 2nd Owner,2019,Honda
195,Ford Ecosport -,PLATINUM,Pune,539299,61721, Petrol , 2nd Owner,2014,Ford
196,Hyundai Grand i10,PLATINUM,Pune,608399,18333, Petrol , 2nd Owner,2017,Hyundai
197,Ford Ecosport -,PLATINUM,Pune,1042799,51780, Petrol , 2nd Owner,2019,Ford
198,Maruti Suzuki Baleno,PLATINUM,Pune,645199,30854, Petrol , 2nd Owner,2018,Maruti
199,Ford Ecosport -,PLATINUM,Pune,811899,24680, Petrol , 2nd Owner,2017,Ford
200,Volkswagen Vento -,PLATINUM,Pune,557799,85663, Petrol , 1st Owner,2015,Volkswagen
201,Mahindra Bolero -,PLATINUM,Pune,873999,20541, Diesel , 2nd Owner,2021,Mahindra
202,Hyundai i20 Magna,PLATINUM,Pune,278299,64182, Petrol , 1st Owner,2010,Hyundai
203,Maruti Suzuki S,PLATINUM,Pune,986399,58819, Diesel , 2nd Owner,2017,Maruti
204,Maruti Suzuki Wagon,PLATINUM,Pune,610099,32057, Petrol , 2nd Owner,2019,Maruti
205,Jeep Compass -,PLATINUM,Pune,1749899,18403, Petrol , 2nd Owner,2018,Jeep
206,Maruti Suzuki Alto,PLATINUM,Pune,443899,7877, Petrol , 2nd Owner,2018,Maruti
207,Hyundai Verna 1.6,PLATINUM,Pune,936299,15509, Petrol , 2nd Owner,2018,Hyundai
216,Maruti Suzuki Baleno,PLATINUM,Pune,580599,48329, Petrol , 1st Owner,2016,Maruti
217,Renault Kwid RXT,PLATINUM,Pune,404499,21301, Petrol , 2nd Owner,2019,Renault
218,Maruti Suzuki Vitara,PLATINUM,Pune,838699,34566, Diesel , 2nd Owner,2019,Maruti
219,Renault Kwid -,PLATINUM,Pune,446499,34297, Petrol , 2nd Owner,2018,Renault
220,Tata Hexa -,PLATINUM,Pune,1047499,119571, Diesel , 2nd Owner,2017,Tata
221,Maruti Suzuki Alto,PLATINUM,Pune,345599,27957, Petrol , 2nd Owner,2018,Maruti
222,Ford Ecosport -,PLATINUM,Pune,784399,27210, Petrol , 2nd Owner,2018,Ford
223,Maruti Suzuki Swift,PLATINUM,Pune,489399,21610, Petrol , 2nd Owner,2014,Maruti
224,Maruti Suzuki Baleno,PLATINUM,Pune,627499,40902, Petrol , 2nd Owner,2017,Maruti
225,Maruti Suzuki Alto,PLATINUM,Pune,288399,11057, Petrol , 2nd Owner,2015,Maruti
226,Maruti Suzuki Baleno,PLATINUM,Pune,573999,72505, Petrol , 2nd Owner,2016,Maruti
227,Hyundai Creta -,PLATINUM,Pune,1373699,31338, Petrol , 1st Owner,2018,Hyundai
228,Maruti Suzuki Alto,PLATINUM,Pune,279799,28674, Petrol , 2nd Owner,2016,Maruti
229,Hyundai Elite i20,PLATINUM,Pune,658199,25416, Petrol , 1st Owner,2018,Hyundai
230,Hyundai Grand i10,PLATINUM,Pune,465499,14765, Petrol , 2nd Owner,2016,Hyundai
231,Toyota Etios -,PLATINUM,Pune,563999,60380, Diesel , 1st Owner,2015,Toyota
240,Maruti Suzuki Baleno,PLATINUM,Pune,718699,19775, Petrol , 2nd Owner,2018,Maruti
241,Tata Tiago -,PLATINUM,Pune,543399,28495, Petrol , 1st Owner,2018,Tata
242,Hyundai Creta -,PLATINUM,Pune,1780399,28344, Diesel , 2nd Owner,2020,Hyundai
243,Toyota Glanza -,PLATINUM,Pune,757999,10801, Petrol , 2nd Owner,2020,Toyota
244,Tata Nexon -,PLATINUM,Pune,1013999,4365, Petrol , 1st Owner,2019,Tata
245,Maruti Suzuki Celerio,PLATINUM,Pune,439999,53266, Diesel , 2nd Owner,2016,Maruti
246,Maruti Suzuki S,PLATINUM,Pune,839199,50866, Diesel , 2nd Owner,2018,Maruti
247,Maruti Suzuki Alto,PLATINUM,Pune,421799,24230, Petrol , 2nd Owner,2019,Maruti
248,Maruti Suzuki Baleno,PLATINUM,Pune,580599,64275, Petrol , 2nd Owner,2016,Maruti
249,Hyundai Venue -,PLATINUM,Pune,986799,8924, Petrol , 2nd Owner,2019,Hyundai
250,MG Motors Hector,PLATINUM,Pune,2057399,12208, Petrol , 2nd Owner,2021,MG
251,Honda City V,PLATINUM,Pune,1082299,26956, Petrol , 2nd Owner,2018,Honda
252,Hyundai Grand i10,PLATINUM,Pune,576999,12223, Petrol , 2nd Owner,2017,Hyundai
253,Hyundai Grand i10,PLATINUM,Pune,533199,23960, Petrol , 2nd Owner,2016,Hyundai
254,Maruti Suzuki Wagon,PLATINUM,Pune,473299,33687, Petrol , 2nd Owner,2015,Maruti
255,MG Motors Hector,PLATINUM,Pune,1838399,24887, Petrol , 2nd Owner,2020,MG
256,Toyota Innova 2.5,GOLD,Mumbai,800000,74000, Diesel , 2nd Owner,2013,Toyota
261,BMW 3 Series,GOLD,Mumbai,1890000,61000, Diesel , 2nd Owner,2015,BMW
262,Jaguar XF 2.2,GOLD,Mumbai,2150000,20000, Diesel , 2nd Owner,2014,Jaguar
263,Hyundai Verna Fluidic,GOLD,Mumbai,699000,26000, Petrol , 1st Owner,2015,Hyundai
264,Hyundai Grand i10,PLATINUM,Pune,451799,71423, Petrol , 2nd Owner,2015,Hyundai
265,Hyundai Grand i10,PLATINUM,Pune,446999,34095, Petrol , 1st Owner,2015,Hyundai
266,Maruti Suzuki Wagon,PLATINUM,Pune,470799,32658, Petrol , 2nd Owner,2016,Maruti
267,Maruti Suzuki Ignis,PLATINUM,Pune,511799,33166, Petrol , 2nd Owner,2017,Maruti
268,Maruti Suzuki Wagon,PLATINUM,Chennai,399899,31284, Petrol , 2nd Owner,2014,Maruti
269,Maruti Suzuki Wagon,PLATINUM,Pune,375999,66090, Petrol , 2nd Owner,2015,Maruti
270,Ford Ecosport -,PLATINUM,Pune,664799,51295, Petrol , 2nd Owner,2016,Ford
271,Maruti Suzuki Baleno,PLATINUM,Pune,617799,48693, Petrol , 2nd Owner,2016,Maruti
272,Maruti Suzuki Ciaz,PLATINUM,Pune,749299,36626, Diesel , 2nd Owner,2017,Maruti
273,Renault Duster -,PLATINUM,Pune,795799,55752, Diesel , 2nd Owner,2016,Renault
274,Tata Tigor -,PLATINUM,Pune,543499,49341, Diesel , 2nd Owner,2017,Tata
275,Maruti Suzuki Alto,PLATINUM,Chennai,317199,60251, Petrol , 2nd Owner,2015,Maruti
276,Maruti Suzuki Alto,PLATINUM,Pune,373699,22269, Petrol , 2nd Owner,2015,Maruti
277,Volkswagen Ameo -,PLATINUM,Pune,501799,38999, Petrol , 2nd Owner,2016,Volkswagen
278,Maruti Suzuki Vitara,PLATINUM,Pune,838699,29110, Diesel , 2nd Owner,2019,Maruti
279,Hyundai Creta -,PLATINUM,Pune,1804399,14506, Petrol , 2nd Owner,2020,Hyundai
285,Hyundai Xcent 1.2,GOLD,Chennai,299000,95000, Diesel , 2nd Owner,2016,Hyundai
286,Ford Figo 1.5,GOLD,Chennai,176000,88000, Diesel , 2nd Owner,2010,Ford
287,Maruti Suzuki Wagon,GOLD,Chennai,325000,60000, Petrol , 1st Owner,2014,Maruti
288,Hyundai Creta -,PLATINUM,Pune,1804399,14506, Petrol , 2nd Owner,2020,Hyundai
289,Maruti Suzuki S,PLATINUM,Pune,985299,29115, Diesel , 2nd Owner,2017,Maruti
290,Maruti Suzuki Baleno,PLATINUM,Pune,642899,34763, Petrol , 2nd Owner,2017,Maruti
291,Maruti Suzuki Ciaz,PLATINUM,Chennai,740000,12500, Diesel , 2nd Owner,2015,Maruti
298,Renault Kwid CLIMBER,PLATINUM,Bangalore,463099,44696, Petrol , 1st Owner,2017,Renault
299,Maruti Suzuki Alto,PLATINUM,Pune,350599,33004, Petrol , 2nd Owner,2018,Maruti
300,Hyundai Verna Fluidic,PLATINUM,Chennai,636299,46034, Petrol , 1st Owner,2016,Hyundai
301,Hyundai Grand i10,PLATINUM,Chennai,698199,60307, Petrol , 1st Owner,2020,Hyundai
302,Hyundai Grand i10,PLATINUM,Chennai,764199,8825, Petrol , 1st Owner,2021,Hyundai
303,Maruti Suzuki Celerio,PLATINUM,Chennai,524799,5743, Petrol , 1st Owner,2019,Maruti
304,Ford EcoSport Ambiente,GOLD,Chennai,420000,87000, Diesel , 1st Owner,2013,Ford
312,Maruti Suzuki Celerio,PLATINUM,Chennai,524799,5743, Petrol , 1st Owner,2019,Maruti
313,Maruti Suzuki Eeco,PLATINUM,Chennai,493899,25735, Petrol , 1st Owner,2019,Maruti
314,Hyundai Elite i20,PLATINUM,Chennai,825299,37522, Petrol , 2nd Owner,2019,Hyundai
315,Maruti Suzuki Wagon,PLATINUM,Chennai,495499,38955, Petrol , 1st Owner,2018,Maruti
317,Hyundai Eon Era,PLATINUM,Chennai,277599,65308, Petrol , 1st Owner,2014,Hyundai
318,Maruti Suzuki Wagon,PLATINUM,Chennai,473899,30467, Petrol , 1st Owner,2017,Maruti
319,Hyundai Venue S,PLATINUM,Chennai,855299,1954, Petrol , 1st Owner,2019,Hyundai
320,Hyundai Santro 1.1,PLATINUM,Chennai,540299,35220, Petrol , 1st Owner,2019,Hyundai
321,Hyundai Elite i20,PLATINUM,Chennai,642899,75876, Petrol , 1st Owner,2016,Hyundai
322,Maruti Suzuki Alto,PLATINUM,Chennai,442299,27020, Petrol , 1st Owner,2021,Maruti
323,Renault Triber 1.0,PLATINUM,Chennai,725399,13739, Petrol , 1st Owner,2019,Renault
324,Maruti Suzuki Wagon,PLATINUM,Chennai,558299,21544, Petrol , 1st Owner,2019,Maruti
325,Maruti Suzuki Alto,PLATINUM,Chennai,354299,13816, Petrol , 1st Owner,2016,Maruti
326,Hyundai Elite i20,PLATINUM,Chennai,673599,23817, Petrol , 1st Owner,2016,Hyundai
327,Hyundai Grand i10,PLATINUM,Chennai,525099,60985, Petrol , 1st Owner,2017,Hyundai
336,Maruti Suzuki Swift,PLATINUM,Chennai,529699,50141, Petrol , 1st Owner,2016,Maruti
338,Fiat Linea Dynamic,PLATINUM,Kolkata,256000,30000, Petrol , 1st Owner,2012,Fiat
341,Maruti Suzuki XL6,PLATINUM,Bangalore,1244799,22292, Petrol , 2nd Owner,2019,Maruti
342,Honda Amaze -,PLATINUM,Bangalore,474399,44013, Petrol , 1st Owner,2014,Honda
343,Maruti Suzuki Wagon,PLATINUM,Bangalore,389399,96250, Petrol , 2nd Owner,2016,Maruti
344,Maruti Suzuki Swift,PLATINUM,Chennai,562399,59839, Petrol , 2nd Owner,2017,Maruti
345,Hyundai Grand i10,PLATINUM,Chennai,446699,49693, Petrol , 2nd Owner,2015,Hyundai
346,Renault Kwid RXT,PLATINUM,Bangalore,439999,22223, Petrol , 1st Owner,2017,Renault
347,Honda Amaze -,PLATINUM,Bangalore,918999,8030, Petrol , 2nd Owner,2021,Honda
348,Volkswagen Polo -,PLATINUM,Bangalore,815799,38780, Petrol , 2nd Owner,2016,Volkswagen
349,Maruti Suzuki Vitara,PLATINUM,Bangalore,896799,31919, Diesel , 2nd Owner,2018,Maruti
350,Hyundai i10 Sportz,PLATINUM,Bangalore,411399,47564, Petrol , 2nd Owner,2015,Hyundai
351,Hyundai Grand i10,PLATINUM,Bangalore,498999,42836, Petrol , 2nd Owner,2013,Hyundai
360,Ford Figo -,PLATINUM,Bangalore,357999,50488, Petrol , 2nd Owner,2015,Ford
361,Maruti Suzuki Ignis,PLATINUM,Pune,462599,12916, Petrol , 1st Owner,2018,Maruti
362,Hyundai Elite i20,PLATINUM,Bangalore,695199,30731, Petrol , 1st Owner,2016,Hyundai
363,Maruti Suzuki Eeco,PLATINUM,Bangalore,490399,8825, Petrol , 2nd Owner,2019,Maruti
364,Renault Kwid RxL,PLATINUM,Bangalore,340099,21627, Petrol , 3rd Owner,2016,Renault
365,Maruti Suzuki Ertiga,PLATINUM,Bangalore,997899,5580, Petrol , 2nd Owner,2020,Maruti
366,Hyundai i10 Sportz,PLATINUM,Bangalore,351599,41371, Petrol , 1st Owner,2013,Hyundai
367,Maruti Suzuki Swift,PLATINUM,Bangalore,603799,42313, Petrol , 1st Owner,2016,Maruti
368,Hyundai Elite i20,PLATINUM,Bangalore,599799,74913, Petrol , 2nd Owner,2016,Hyundai
369,Maruti Suzuki Wagon,PLATINUM,Bangalore,456099,74760, Petrol , 2nd Owner,2018,Maruti
370,Ford Ecosport -,PLATINUM,Bangalore,993699,34045, Diesel , 2nd Owner,2019,Ford
371,Maruti Suzuki Ritz,PLATINUM,Bangalore,312299,143147, Petrol , 2nd Owner,2010,Maruti
372,Hyundai Venue -,PLATINUM,Bangalore,1221799,28149, Petrol , 1st Owner,2019,Hyundai
373,Maruti Suzuki Swift,PLATINUM,Bangalore,522999,38049, Petrol , 2nd Owner,2015,Maruti
374,Hyundai EON Magna,PLATINUM,Bangalore,323399,78895, Petrol , 2nd Owner,2014,Hyundai
375,Hyundai Grand i10,PLATINUM,Bangalore,510799,27027, Petrol , 2nd Owner,2015,Hyundai
384,Maruti Suzuki Vitara,PLATINUM,Pune,910799,23940, Petrol , 2nd Owner,2020,Maruti
385,Renault Captur -,PLATINUM,Chennai,722899,26678, Petrol , 2nd Owner,2018,Renault
386,Honda WR V,PLATINUM,Pune,809499,41342, Diesel , 2nd Owner,2018,Honda
387,Maruti Suzuki Alto,PLATINUM,Bangalore,297399,59614, Petrol , 1st Owner,2013,Maruti
388,Maruti Suzuki Alto,PLATINUM,Bangalore,411999,39550, Petrol , 2nd Owner,2016,Maruti
389,Renault Triber -,PLATINUM,Bangalore,623399,28621, Petrol , 1st Owner,2019,Renault
390,Honda Brio -,PLATINUM,Bangalore,372399,60437, Petrol , 1st Owner,2013,Honda
391,Maruti Suzuki Wagon,PLATINUM,Chennai,518099,26598, Petrol , 2nd Owner,2018,Maruti
392,Honda Amaze -,PLATINUM,Chennai,485599,62723, Petrol , 2nd Owner,2015,Honda
393,Maruti Suzuki Baleno,PLATINUM,Chennai,636899,21145, Petrol , 2nd Owner,2017,Maruti
394,Hyundai Grand i10,PLATINUM,Pune,396999,48699, Petrol , 1st Owner,2013,Hyundai
395,Ford Ecosport -,PLATINUM,Pune,980399,10102, Petrol , 2nd Owner,2019,Ford
396,Maruti Suzuki Baleno,PLATINUM,Bangalore,658999,34881, Petrol , 1st Owner,2017,Maruti
397,Hyundai EON D,PLATINUM,Bangalore,304099,53997, Petrol , 2nd Owner,2015,Hyundai
398,Maruti Suzuki Alto,PLATINUM,Bangalore,362599,49076, Petrol , 1st Owner,2015,Maruti
399,Maruti Suzuki Alto,PLATINUM,Bangalore,344199,65951, Petrol , 2nd Owner,2014,Maruti
401,Skoda Rapid 1.5,GOLD,Bangalore,550000,136000, Diesel , 1st Owner,2015,Skoda
408,Maruti Suzuki Alto,PLATINUM,Bangalore,462399,15032, Petrol , 1st Owner,2017,Maruti
409,Maruti Suzuki Alto,PLATINUM,Pune,319999,15575, Petrol , 2nd Owner,2017,Maruti
410,Maruti Suzuki Swift,PLATINUM,Pune,275699,147819, Diesel , 3rd Owner,2010,Maruti
411,Hyundai Grand i10,PLATINUM,Bangalore,501599,35203, Petrol , 2nd Owner,2016,Hyundai
412,Maruti Suzuki Eeco,PLATINUM,Bangalore,506599,7597, Petrol , 1st Owner,2020,Maruti
413,Mahindra Scorpio S5,PLATINUM,Bangalore,1198599,34883, Diesel , 1st Owner,2018,Mahindra
414,Ford Ecosport -,PLATINUM,Bangalore,775499,59580, Diesel , 2nd Owner,2017,Ford
415,Maruti Suzuki Ritz,PLATINUM,Bangalore,338999,49647, Petrol , 2nd Owner,2011,Maruti
416,Hyundai Verna Fluidic,PLATINUM,Bangalore,652699,67577, Petrol , 2nd Owner,2016,Hyundai
417,Tata Tiago -,PLATINUM,Bangalore,535899,10890, Petrol , 1st Owner,2017,Tata
418,Maruti Suzuki Swift,PLATINUM,Chennai,492099,57444, Petrol , 1st Owner,2015,Maruti
419,Honda City -,PLATINUM,Bangalore,885999,33598, Petrol , 2nd Owner,2017,Honda
420,Ford Freestyle -,PLATINUM,Bangalore,694899,17804, Petrol , 2nd Owner,2018,Ford
421,Maruti Suzuki Swift,PLATINUM,Pune,450599,62613, Petrol , 2nd Owner,2013,Maruti
422,Hyundai i20 Asta,PLATINUM,Bangalore,377999,56974, Petrol , 2nd Owner,2010,Hyundai
423,Datsun Redi GO,PLATINUM,Bangalore,491499,1405, Petrol , 1st Owner,2021,Datsun
432,Hyundai Verna -,PLATINUM,Pune,1171199,36965, Petrol , 2nd Owner,2018,Hyundai
433,Honda WR V,PLATINUM,Pune,625699,25526, Petrol , 1st Owner,2017,Honda
434,Hyundai Grand i10,PLATINUM,Chennai,453199,20235, Petrol , 1st Owner,2016,Hyundai
435,Maruti Suzuki Vitara,PLATINUM,Chennai,850499,61064, Diesel , 2nd Owner,2018,Maruti
436,Maruti Suzuki Ignis,PLATINUM,Chennai,548699,12558, Petrol , 2nd Owner,2018,Maruti
437,Maruti Suzuki Alto,PLATINUM,Bangalore,498799,14179, Petrol , 1st Owner,2019,Maruti
438,Honda City VX,PLATINUM,Chennai,1377199,20379, Petrol , 1st Owner,2020,Honda
439,Ford Ecosport -,PLATINUM,Pune,772799,42837, Petrol , 2nd Owner,2017,Ford
440,Hyundai Elite i20,PLATINUM,Chennai,572599,67473, Petrol , 2nd Owner,2016,Hyundai
441,Honda City V,PLATINUM,Bangalore,774899,27576, Petrol , 1st Owner,2016,Honda
442,Maruti Suzuki S,PLATINUM,Pune,885099,80900, Diesel , 2nd Owner,2017,Maruti
443,Hyundai Elite i20,PLATINUM,Bangalore,687499,100934, Diesel , 2nd Owner,2017,Hyundai
444,Hyundai Elite i20,PLATINUM,Bangalore,567799,29060, Petrol , 2nd Owner,2015,Hyundai
445,Hyundai i10 Magna,PLATINUM,Chennai,398499,36129, Petrol , 2nd Owner,2016,Hyundai
446,Maruti Suzuki Swift,PLATINUM,Pune,348499,156442, Diesel , 2nd Owner,2011,Maruti
447,Maruti Suzuki Wagon,PLATINUM,Chennai,520899,48710, Petrol , 2nd Owner,2018,Maruti
456,Ford Ecosport -,PLATINUM,Pune,916799,20619, Petrol , 2nd Owner,2018,Ford
457,Maruti Suzuki Wagon,PLATINUM,Pune,480999,51149, Petrol + CNG , 2nd Owner,2018,Maruti
458,Tata Nexon -,PLATINUM,Bangalore,1043299,12978, Petrol , 1st Owner,2020,Tata
459,Honda City V,PLATINUM,Bangalore,787399,40025, Petrol , 1st Owner,2016,Honda
460,Hyundai Grand i10,PLATINUM,Bangalore,501599,63075, Petrol , 2nd Owner,2016,Hyundai
461,Honda Brio -,PLATINUM,Chennai,362999,78724, Petrol , 2nd Owner,2012,Honda
462,Renault Kwid -,PLATINUM,Pune,403199,12257, Petrol , 2nd Owner,2018,Renault
463,Hyundai Venue -,PLATINUM,Bangalore,1022599,26890, Diesel , 2nd Owner,2019,Hyundai
464,Nissan Micra Active,PLATINUM,Chennai,483199,20485, Petrol , 2nd Owner,2018,Nissan
465,Hyundai EON Era,PLATINUM,Chennai,321399,69220, Petrol , 2nd Owner,2017,Hyundai
466,Maruti Suzuki Alto,PLATINUM,Chennai,307999,41900, Petrol , 2nd Owner,2017,Maruti
467,Maruti Suzuki Eeco,PLATINUM,Bangalore,478599,11944, Petrol , 2nd Owner,2019,Maruti
468,Maruti Suzuki Wagon,PLATINUM,Chennai,405199,66143, Petrol , 2nd Owner,2015,Maruti
469,Maruti Suzuki Alto,PLATINUM,Chennai,314999,16563, Petrol , 2nd Owner,2018,Maruti
470,Hyundai Elite i20,PLATINUM,Pune,684599,14460, Petrol , 2nd Owner,2016,Hyundai
471,Maruti Suzuki Alto,PLATINUM,Bangalore,413099,47120, Petrol , 2nd Owner,2018,Maruti
480,Maruti Suzuki Swift,PLATINUM,Chennai,501199,147960, Diesel , 2nd Owner,2016,Maruti
481,Maruti Suzuki Wagon,PLATINUM,Pune,357399,38766, Petrol , 2nd Owner,2014,Maruti
482,Maruti Suzuki Eeco,PLATINUM,Bangalore,494199,8409, Petrol , 2nd Owner,2019,Maruti
483,Renault Kwid RxL,PLATINUM,Bangalore,424099,20718, Petrol , 2nd Owner,2019,Renault
484,Maruti Suzuki Baleno,PLATINUM,Chennai,598299,51125, Petrol , 1st Owner,2017,Maruti
485,Hyundai Grand i10,PLATINUM,Bangalore,477599,64459, Petrol , 1st Owner,2014,Hyundai
486,Maruti Suzuki Swift,PLATINUM,Pune,447599,29467, Petrol , 1st Owner,2014,Maruti
487,Tata Nexon -,PLATINUM,Pune,703999,18019, Petrol , 1st Owner,2017,Tata
488,Maruti Suzuki Celerio,PLATINUM,Chennai,416099,40710, Petrol , 2nd Owner,2016,Maruti
489,Maruti Suzuki S,PLATINUM,Chennai,559099,1956, Petrol , 2nd Owner,2021,Maruti
491,Hyundai Grand i10,PLATINUM,Bangalore,527099,21531, Petrol , 3rd Owner,2018,Hyundai
492,Kia Seltos -,PLATINUM,Pune,1517999,20989, Petrol , 2nd Owner,2019,Kia
493,Hyundai i20 -,PLATINUM,Chennai,431099,33901, Petrol , 1st Owner,2013,Hyundai
494,Hyundai Grand i10,PLATINUM,Chennai,539799,54696, Petrol , 2nd Owner,2018,Hyundai
495,MG Motors Hector,PLATINUM,Bangalore,1800299,11292, Diesel , 2nd Owner,2019,MG
504,Hyundai Grand i10,PLATINUM,Bangalore,616599,27317, Petrol , 2nd Owner,2017,Hyundai
505,Hyundai Xcent -,PLATINUM,Bangalore,466599,79784, Petrol , 2nd Owner,2014,Hyundai
506,Audi Q3 -,PLATINUM,Chennai,1656999,73656, Diesel , 1st Owner,2015,Audi
507,Tata Tiago -,PLATINUM,Bangalore,562999,27664, Petrol , 1st Owner,2018,Tata
508,Hyundai Verna FLUIDIC,PLATINUM,Bangalore,488899,41898, Petrol , 2nd Owner,2012,Hyundai
509,Maruti Suzuki S,PLATINUM,Chennai,514599,4889, Petrol , 2nd Owner,2021,Maruti
510,Hyundai Grand i10,PLATINUM,Chennai,495299,39836, Petrol , 1st Owner,2015,Hyundai
511,Honda Jazz -,PLATINUM,Bangalore,752399,16108, Petrol , 2nd Owner,2016,Honda
512,Hyundai Grand i10,PLATINUM,Bangalore,474799,46111, Petrol , 2nd Owner,2015,Hyundai
513,Maruti Suzuki Ciaz,PLATINUM,Bangalore,849599,23761, Petrol , 2nd Owner,2018,Maruti
514,Maruti Suzuki S,PLATINUM,Bangalore,663199,146782, Diesel , 1st Owner,2016,Maruti
515,Hyundai Grand i10,PLATINUM,Bangalore,566699,26597, Petrol , 1st Owner,2016,Hyundai
516,Maruti Suzuki Eeco,PLATINUM,Chennai,471199,12323, Petrol , 2nd Owner,2018,Maruti
517,Renault Kwid RXL,PLATINUM,Bangalore,385499,3230, Petrol , 1st Owner,2017,Renault
518,Maruti Suzuki Swift,PLATINUM,Chennai,491599,62059, Petrol , 3rd Owner,2016,Maruti
519,Maruti Suzuki Baleno,PLATINUM,Bangalore,725699,28188, Petrol , 2nd Owner,2019,Maruti
523,BMW 5 Series,GOLD,NaviMumbai,990000,49000, Petrol , 3rd Owner,2010,BMW
528,Hyundai Grand i10,PLATINUM,Bangalore,640099,32877, Petrol , 2nd Owner,2019,Hyundai
529,Maruti Suzuki Ignis,PLATINUM,Chennai,575099,17283, Petrol , 2nd Owner,2019,Maruti
530,Maruti Suzuki Ertiga,PLATINUM,Bangalore,1081899,86033, Diesel , 1st Owner,2018,Maruti
531,Volkswagen Polo -,PLATINUM,Bangalore,726399,17419, Petrol , 2nd Owner,2018,Volkswagen
532,Maruti Suzuki Eeco,PLATINUM,Bangalore,480399,24416, Petrol , 2nd Owner,2019,Maruti
533,Renault Kwid RxL,PLATINUM,Bangalore,369599,26700, Petrol , 2nd Owner,2017,Renault
534,Maruti Suzuki Swift,PLATINUM,Bangalore,451399,28979, Petrol , 1st Owner,2014,Maruti
535,Maruti Suzuki Eeco,PLATINUM,Bangalore,494099,27150, Petrol , 1st Owner,2019,Maruti
536,Ford EcoSport -,PLATINUM,Bangalore,1240899,3195, Petrol , 1st Owner,2020,Ford
537,Hyundai Eon Era,PLATINUM,Bangalore,286199,26761, Petrol , 1st Owner,2013,Hyundai
538,Hyundai Grand i10,PLATINUM,Bangalore,509399,71992, Petrol , 2nd Owner,2017,Hyundai
539,Maruti Suzuki Alto,PLATINUM,Bangalore,378099,27239, Petrol , 2nd Owner,2016,Maruti
540,Honda Jazz -,PLATINUM,Chennai,586699,36244, Petrol , 2nd Owner,2016,Honda
541,Maruti Suzuki Vitara,PLATINUM,Pune,906899,69807, Diesel , 2nd Owner,2019,Maruti
542,Maruti Suzuki Vitara,PLATINUM,Pune,882199,31803, Diesel , 2nd Owner,2019,Maruti
543,Honda Jazz -,PLATINUM,Bangalore,507999,92373, Petrol , 1st Owner,2015,Honda
552,Maruti Suzuki Vitara,PLATINUM,Pune,782999,59612, Diesel , 2nd Owner,2016,Maruti
553,Ford Ecosport -,PLATINUM,Bangalore,623399,30212, Petrol , 2nd Owner,2014,Ford
554,Maruti Suzuki Ignis,PLATINUM,Chennai,548699,18113, Petrol , 2nd Owner,2018,Maruti
555,Maruti Suzuki Alto,PLATINUM,Bangalore,397099,48435, Petrol , 2nd Owner,2018,Maruti
556,Maruti Suzuki Wagon,PLATINUM,Bangalore,392099,29297, Petrol , 1st Owner,2015,Maruti
557,Maruti Suzuki Wagon,PLATINUM,Bangalore,354599,53525, Petrol , 2nd Owner,2012,Maruti
558,Honda Amaze -,PLATINUM,Bangalore,719599,15890, Petrol , 1st Owner,2018,Honda
559,Honda WR V,PLATINUM,Bangalore,834099,31694, Petrol , 1st Owner,2019,Honda
560,Maruti Suzuki Alto,PLATINUM,Chennai,365899,36279, Petrol , 2nd Owner,2017,Maruti
561,Hyundai i10 Sportz,PLATINUM,Chennai,400899,33349, Petrol , 1st Owner,2015,Hyundai
562,Toyota Etios Liva,PLATINUM,Chennai,320199,103182, Petrol , 1st Owner,2012,Toyota
563,Hyundai Xcent S,PLATINUM,Chennai,457399,63048, Petrol , 2nd Owner,2016,Hyundai
564,Maruti Suzuki Baleno,PLATINUM,Chennai,717699,26358, Petrol , 2nd Owner,2017,Maruti
565,Maruti Suzuki Wagon,PLATINUM,Chennai,417299,18932, Petrol , 1st Owner,2017,Maruti
566,Maruti Suzuki Alto,PLATINUM,Pune,323199,20369, Petrol , 2nd Owner,2018,Maruti
567,Honda Jazz 1.2,PLATINUM,Bangalore,633999,58769, Petrol , 1st Owner,2016,Honda
576,Hyundai Creta 1.6,PLATINUM,Chennai,875999,123920, Diesel , 1st Owner,2017,Hyundai
577,Hyundai EON -,PLATINUM,Pune,309399,17900, Petrol , 3rd Owner,2016,Hyundai
578,Maruti Suzuki Baleno,PLATINUM,Bangalore,658999,31041, Petrol , 1st Owner,2017,Maruti
579,Maruti Suzuki Wagon,PLATINUM,Chennai,514099,61875, Petrol , 2nd Owner,2018,Maruti
580,Hyundai Elite i20,PLATINUM,Chennai,672899,29210, Petrol , 2nd Owner,2016,Hyundai
581,Mahindra TUV300 -,PLATINUM,Pune,620099,35826, Diesel , 1st Owner,2016,Mahindra
582,Ford Freestyle -,PLATINUM,Bangalore,733999,29364, Petrol , 2nd Owner,2019,Ford
583,Renault Triber -,PLATINUM,Chennai,664699,16304, Petrol , 1st Owner,2021,Renault
584,Maruti Suzuki Swift,PLATINUM,Chennai,454299,95731, Petrol , 2nd Owner,2015,Maruti
585,Maruti Suzuki Swift,PLATINUM,Bangalore,357499,31011, Petrol , 2nd Owner,2010,Maruti
586,Maruti Suzuki Swift,PLATINUM,Pune,447599,30601, Petrol , 1st Owner,2014,Maruti
587,Maruti Suzuki S,PLATINUM,Bangalore,422299,14568, Petrol , 1st Owner,2019,Maruti
588,Toyota Etios V,PLATINUM,Bangalore,449699,89559, Petrol , 2nd Owner,2012,Toyota
589,Hyundai Grand i10,PLATINUM,Bangalore,493499,48834, Petrol , 2nd Owner,2014,Hyundai
590,Hyundai Elite i20,PLATINUM,Chennai,605699,74190, Diesel , 2nd Owner,2014,Hyundai
591,Ford EcoSport Titanium,PLATINUM,Bangalore,755099,43077, Petrol , 2nd Owner,2016,Ford
598,MG Motors Hector,GOLD,Surat,1401000,16000, Petrol , 1st Owner,2020,MG
599,MG Motors Hector,GOLD,Ahmedabad,1401000,16000, Petrol , 1st Owner,2020,MG
600,Maruti Suzuki Eeco,PLATINUM,Bangalore,432699,17981, Petrol , 2nd Owner,2018,Maruti
601,Maruti Suzuki Eeco,PLATINUM,Chennai,418599,20780, Petrol , 2nd Owner,2018,Maruti
602,Maruti Suzuki Alto,PLATINUM,Chennai,275799,56719, Petrol , 2nd Owner,2014,Maruti
603,Maruti Suzuki Wagon,PLATINUM,Bangalore,456199,31108, Petrol , 2nd Owner,2015,Maruti
604,Honda City -,PLATINUM,Chennai,728499,33611, Petrol , 2nd Owner,2016,Honda
605,Maruti Suzuki Alto,PLATINUM,Chennai,431599,43700, Petrol , 2nd Owner,2019,Maruti
606,Maruti Suzuki Ignis,PLATINUM,Pune,533099,49920, Petrol , 2nd Owner,2017,Maruti
607,Maruti Suzuki Swift,PLATINUM,Bangalore,451399,57338, Petrol , 1st Owner,2014,Maruti
608,Hyundai Venue S,PLATINUM,Bangalore,840699,23096, Petrol , 1st Owner,2020,Hyundai
609,Maruti Suzuki Swift,PLATINUM,Chennai,486499,48732, Petrol , 1st Owner,2016,Maruti
610,Honda City -,PLATINUM,Pune,450199,67924, Petrol , 1st Owner,2012,Honda
611,Maruti Suzuki Wagon,PLATINUM,Chennai,418999,30418, Petrol , 2nd Owner,2014,Maruti
612,Honda City -,PLATINUM,Chennai,621299,50593, Petrol , 2nd Owner,2014,Honda
613,Hyundai i20 Active,PLATINUM,Chennai,508399,136381, Petrol , 2nd Owner,2016,Hyundai
614,Maruti Suzuki Celerio,PLATINUM,Pune,390999,46943, Petrol , 2nd Owner,2015,Maruti
615,Maruti Suzuki Swift,PLATINUM,Bangalore,675099,36277, Petrol , 2nd Owner,2017,Maruti
617,Kia Seltos HTX,GOLD,Surat,1501000,5600, Diesel , 1st Owner,2021,Kia
620,Kia Seltos HTX,GOLD,Ahmedabad,1501000,5600, Diesel , 1st Owner,2021,Kia
621,Maruti Suzuki Wagon,GOLD,Ahmedabad,130000,45000, Petrol , 2nd Owner,2007,Maruti
624,Hyundai Xcent -,PLATINUM,Chennai,464199,70359, Diesel , 2nd Owner,2015,Hyundai
625,Hyundai EON Era,PLATINUM,Chennai,343999,42205, Petrol , 2nd Owner,2017,Hyundai
626,Nissan Micra -,PLATINUM,Chennai,441499,60539, Petrol , 2nd Owner,2015,Nissan
627,Maruti Suzuki Dzire,PLATINUM,Bangalore,684999,16533, Petrol , 2nd Owner,2019,Maruti
628,Volkswagen Polo -,PLATINUM,Pune,815399,26596, Petrol , 2nd Owner,2017,Volkswagen
629,Hyundai Grand i10,PLATINUM,Pune,468999,30912, Petrol , 2nd Owner,2016,Hyundai
630,Hyundai Venue -,PLATINUM,Bangalore,1194799,17951, Diesel , 2nd Owner,2019,Hyundai
631,Volkswagen Polo -,PLATINUM,Bangalore,599899,36928, Petrol , 2nd Owner,2015,Volkswagen
632,Maruti Suzuki Dzire,PLATINUM,Bangalore,710199,22854, Petrol , 2nd Owner,2018,Maruti
633,Hyundai i20 -,PLATINUM,Bangalore,474399,89156, Petrol , 1st Owner,2014,Hyundai
634,Maruti Suzuki Baleno,PLATINUM,Chennai,701399,41999, Petrol , 2nd Owner,2019,Maruti
635,Honda City -,PLATINUM,Chennai,834599,66145, Petrol , 2nd Owner,2017,Honda
636,Maruti Suzuki Alto,PLATINUM,Bangalore,333699,29157, Petrol , 2nd Owner,2017,Maruti
637,Hyundai EON Era,PLATINUM,Chennai,349799,33882, Petrol , 2nd Owner,2017,Hyundai
638,Hyundai EON Era,PLATINUM,Bangalore,286199,29379, Petrol , 2nd Owner,2013,Hyundai
639,Maruti Suzuki Alto,PLATINUM,Bangalore,386699,17352, Petrol , 2nd Owner,2019,Maruti
645,Hyundai Creta 1.6,GOLD,Delhi,1300000,19000, Diesel , 1st Owner,2021,Hyundai
648,Renault Triber -,PLATINUM,Bangalore,659199,13486, Petrol , 1st Owner,2019,Renault
649,Hyundai Grand i10,PLATINUM,Chennai,572599,33562, Petrol , 2nd Owner,2018,Hyundai
650,Hyundai Verna -,PLATINUM,Pune,1171199,13691, Petrol , 2nd Owner,2018,Hyundai
651,Hyundai Grand i10,PLATINUM,Bangalore,557199,31980, Petrol , 2nd Owner,2017,Hyundai
652,Hyundai Grand i10,PLATINUM,Chennai,531399,69526, Petrol , 2nd Owner,2016,Hyundai
653,Maruti Suzuki Alto,PLATINUM,Bangalore,426199,21492, Petrol , 2nd Owner,2016,Maruti
654,Maruti Suzuki Celerio,PLATINUM,Chennai,432999,47425, Petrol , 1st Owner,2016,Maruti
655,Hyundai Grand i10,PLATINUM,Pune,458399,40988, Petrol , 2nd Owner,2016,Hyundai
656,Jeep Compass -,PLATINUM,Chennai,1465199,51983, Diesel , 2nd Owner,2018,Jeep
657,Maruti Suzuki Vitara,PLATINUM,Pune,783099,69376, Diesel , 2nd Owner,2018,Maruti
658,Maruti Suzuki Swift,PLATINUM,Chennai,562399,33094, Petrol , 2nd Owner,2017,Maruti
659,Tata Tiago -,PLATINUM,Bangalore,529199,26237, Petrol , 3rd Owner,2017,Tata
660,Honda Brio -,PLATINUM,Bangalore,447199,42415, Petrol , 1st Owner,2015,Honda
661,Hyundai Creta -,PLATINUM,Pune,944099,112308, Diesel , 2nd Owner,2016,Hyundai
662,Maruti Suzuki Celerio,PLATINUM,Bangalore,452099,61427, Petrol , 1st Owner,2017,Maruti
663,MG Motors Hector,PLATINUM,Bangalore,1917599,10205, Diesel , 2nd Owner,2019,MG
668,Maruti Suzuki Ciaz,GOLD,Hyderabad,795000,58492, Petrol , 1st Owner,2018,Maruti
669,Honda City 1.5,GOLD,Kolkata,350888,45000, Petrol , 1st Owner,2011,Honda
672,Maruti Suzuki Swift,PLATINUM,Chennai,580599,75691, Diesel , 2nd Owner,2017,Maruti
673,Maruti Suzuki Alto,PLATINUM,Chennai,223299,84301, Petrol , 3rd Owner,2013,Maruti
674,Tata Tiago -,PLATINUM,Bangalore,600399,38346, Petrol , 2nd Owner,2019,Tata
675,Maruti Suzuki Alto,PLATINUM,Chennai,367399,41530, Petrol , 2nd Owner,2017,Maruti
676,Ford Ecosport -,PLATINUM,Pune,704099,23049, Petrol , 2nd Owner,2017,Ford
677,Maruti Suzuki Wagon,PLATINUM,Bangalore,377899,74510, Petrol , 1st Owner,2016,Maruti
678,Maruti Suzuki Wagon,PLATINUM,Bangalore,458699,20141, Petrol , 2nd Owner,2016,Maruti
679,Ford Ecosport -,PLATINUM,Chennai,566199,85860, Petrol , 2nd Owner,2015,Ford
680,Maruti Suzuki Swift,PLATINUM,Pune,594599,63133, Diesel , 1st Owner,2017,Maruti
681,Maruti Suzuki Dzire,PLATINUM,Bangalore,678699,71894, Petrol , 2nd Owner,2018,Maruti
682,Renault Duster -,PLATINUM,Bangalore,883099,95627, Diesel , 2nd Owner,2017,Renault
683,Ford Ecosport -,PLATINUM,Pune,578099,75324, Diesel , 2nd Owner,2014,Ford
684,Maruti Suzuki Alto,PLATINUM,Pune,305899,64611, Petrol , 2nd Owner,2015,Maruti
685,Maruti Suzuki Celerio,PLATINUM,Bangalore,457399,77128, Petrol , 3rd Owner,2016,Maruti
686,Maruti Suzuki Alto,PLATINUM,Bangalore,316799,36306, Petrol , 1st Owner,2016,Maruti
687,Hyundai i20 Asta,PLATINUM,Bangalore,399999,83803, Petrol , 1st Owner,2011,Hyundai
688,Mahindra XUV 500,GOLD,Mumbai,1100000,44000, Diesel , 1st Owner,2018,Mahindra
691,Honda City 1.5,GOLD,Kolkata,990888,700, Petrol , 1st Owner,2020,Honda
696,Hyundai i20 Asta,PLATINUM,Bangalore,399999,83803, Petrol , 1st Owner,2011,Hyundai
697,Hyundai Creta 1.6,PLATINUM,Chennai,841499,75398, Petrol , 2nd Owner,2017,Hyundai
698,Honda City ZX,PLATINUM,Bangalore,1016899,42317, Petrol , 1st Owner,2017,Honda
699,Maruti Suzuki Swift,PLATINUM,Bangalore,748599,60214, Diesel , 2nd Owner,2018,Maruti
700,Maruti Suzuki Swift,PLATINUM,Pune,622099,58861, Diesel , 2nd Owner,2017,Maruti
701,Volkswagen Polo -,PLATINUM,Pune,530699,27995, Petrol , 2nd Owner,2016,Volkswagen
702,Maruti Suzuki Celerio,PLATINUM,Bangalore,471899,61018, Petrol , 2nd Owner,2017,Maruti
703,Maruti Suzuki Swift,PLATINUM,Chennai,505399,67109, Petrol , 2nd Owner,2015,Maruti
704,Maruti Suzuki Wagon,PLATINUM,Chennai,460299,81811, Petrol , 2nd Owner,2017,Maruti
705,Hyundai Verna 1.6,PLATINUM,Pune,683999,27357, Petrol , 1st Owner,2017,Hyundai
706,Volkswagen Polo HIGHLINE1.2L,PLATINUM,Bangalore,639699,53293, Petrol , 3rd Owner,2018,Volkswagen
707,Maruti Suzuki Celerio,PLATINUM,Bangalore,510499,45260, Petrol , 2nd Owner,2017,Maruti
708,Hyundai Venue -,PLATINUM,Pune,1185499,3139, Petrol , 2nd Owner,2019,Hyundai
709,Maruti Suzuki Celerio,PLATINUM,Bangalore,471899,44690, Petrol , 1st Owner,2017,Maruti
710,Hyundai Santro ASTA,PLATINUM,Bangalore,579899,13858, Petrol , 1st Owner,2019,Hyundai
711,Maruti Suzuki Alto,PLATINUM,Bangalore,333699,25256, Petrol , 2nd Owner,2017,Maruti
713,Maruti Suzuki Ciaz,GOLD,Delhi,590000,44100, Hybrid , 1st Owner,2016,Maruti
714,Honda Amaze 1.2,GOLD,Kolkata,375888,47000, Petrol , 1st Owner,2016,Honda
716,Mahindra XUV 500,GOLD,Kolkata,778888,46000, Diesel , 1st Owner,2015,Mahindra
719,Volvo XC60 D3,GOLD,Mumbai,1750000,86000, Diesel , 2nd Owner,2012,Volvo
720,Volkswagen Polo COMFORTLINE,PLATINUM,Bangalore,582899,15227, Petrol , 1st Owner,2017,Volkswagen
721,Volkswagen Polo -,PLATINUM,Chennai,414099,87375, Diesel , 1st Owner,2014,Volkswagen
722,Maruti Suzuki Eeco,PLATINUM,Chennai,516599,7679, Petrol , 2nd Owner,2020,Maruti
723,Maruti Suzuki Alto,PLATINUM,Bangalore,366299,48378, Petrol , 1st Owner,2016,Maruti
724,Maruti Suzuki Wagon,PLATINUM,Chennai,375899,54645, Petrol , 1st Owner,2014,Maruti
725,Maruti Suzuki Eeco,PLATINUM,Chennai,493899,7211, Petrol , 1st Owner,2019,Maruti
726,Datsun Redi GO,PLATINUM,Bangalore,311399,37217, Petrol , 2nd Owner,2017,Datsun
727,Maruti Suzuki Eeco,PLATINUM,Chennai,493899,32372, Petrol , 1st Owner,2019,Maruti
728,Maruti Suzuki Wagon,PLATINUM,Chennai,501999,37947, Petrol , 2nd Owner,2018,Maruti
729,Hyundai Grand i10,PLATINUM,Pune,409399,51886, Petrol , 2nd Owner,2014,Hyundai
730,Toyota Innova Crysta,PLATINUM,Pune,1737899,43187, Diesel , 2nd Owner,2018,Toyota
731,Hyundai i20 Active,PLATINUM,Pune,583999,33616, Diesel , 1st Owner,2015,Hyundai
732,Volkswagen Vento -,PLATINUM,Chennai,654299,91087, Diesel , 1st Owner,2015,Volkswagen
733,Ford Ecosport -,PLATINUM,Bangalore,986699,26372, Petrol , 2nd Owner,2018,Ford
734,Maruti Suzuki Celerio,PLATINUM,Bangalore,414199,58762, Petrol , 1st Owner,2014,Maruti
735,Hyundai Elite i20,PLATINUM,Chennai,588099,101920, Diesel , 2nd Owner,2016,Hyundai
744,Hyundai i20 Active,PLATINUM,Pune,567399,35140, Petrol , 2nd Owner,2015,Hyundai
745,Maruti Suzuki Ciaz,PLATINUM,Pune,805099,50842, Diesel , 2nd Owner,2018,Maruti
746,Honda Amaze -,PLATINUM,Pune,492199,43412, Petrol , 1st Owner,2015,Honda
747,Honda Jazz -,PLATINUM,Pune,495799,46201, Petrol , 1st Owner,2016,Honda
748,Maruti Suzuki S,PLATINUM,Bangalore,1113599,63626, Diesel , 2nd Owner,2017,Maruti
749,Maruti Suzuki Alto,PLATINUM,Chennai,299999,18251, Petrol , 1st Owner,2016,Maruti
750,Maruti Suzuki Baleno,PLATINUM,Chennai,592099,41019, Petrol , 2nd Owner,2016,Maruti
751,Renault Kwid RXT,PLATINUM,Chennai,322299,46463, Petrol , 1st Owner,2015,Renault
752,Renault Kwid -,PLATINUM,Bangalore,481999,20110, Petrol , 2nd Owner,2017,Renault
753,Hyundai Grand i10,PLATINUM,Pune,534599,17364, Petrol , 2nd Owner,2016,Hyundai
754,MG Motors Hector,PLATINUM,Bangalore,1681899,6760, Petrol , 2nd Owner,2020,MG
755,Maruti Suzuki Celerio,PLATINUM,Bangalore,429599,35109, Petrol , 2nd Owner,2016,Maruti
756,Honda Amaze -,PLATINUM,Chennai,723799,44266, Petrol , 2nd Owner,2018,Honda
757,Volkswagen Polo -,PLATINUM,Chennai,563299,39156, Petrol , 2nd Owner,2017,Volkswagen
758,Maruti Suzuki Alto,PLATINUM,Pune,214199,57993, Petrol , 3rd Owner,2011,Maruti
759,Maruti Suzuki Alto,PLATINUM,Bangalore,319399,51573, Petrol , 2nd Owner,2015,Maruti
768,Maruti Suzuki Vitara,PLATINUM,Bangalore,810399,78329, Diesel , 2nd Owner,2016,Maruti
769,Maruti Suzuki Ertiga,PLATINUM,Chennai,788999,61977, Diesel , 1st Owner,2016,Maruti
770,Mahindra KUV100 K6,PLATINUM,Bangalore,508799,58640, Diesel , 1st Owner,2016,Mahindra
771,Renault Kwid -,PLATINUM,Bangalore,457099,40650, Petrol , 1st Owner,2018,Renault
772,Volkswagen Polo -,PLATINUM,Bangalore,612899,19121, Petrol , 2nd Owner,2019,Volkswagen
773,Ford Ecosport -,PLATINUM,Chennai,684099,85893, Diesel , 2nd Owner,2016,Ford
774,Renault Triber -,PLATINUM,Chennai,716699,9874, Petrol , 2nd Owner,2019,Renault
775,Hyundai Grand i10,PLATINUM,Bangalore,501599,25202, Petrol , 1st Owner,2016,Hyundai
776,Hyundai Grand i10,PLATINUM,Chennai,509699,95999, Petrol , 2nd Owner,2016,Hyundai
777,Maruti Suzuki Alto,PLATINUM,Bangalore,337799,49074, Petrol , 2nd Owner,2014,Maruti
778,Hyundai Verna 1.6,PLATINUM,Pune,852399,52439, Petrol , 2nd Owner,2017,Hyundai
779,Mahindra XUV 500,PLATINUM,Bangalore,1784699,10813, Diesel , 1st Owner,2020,Mahindra
780,Hyundai Creta -,PLATINUM,Chennai,778199,127971, Petrol , 2nd Owner,2016,Hyundai
781,Maruti Suzuki Swift,PLATINUM,Chennai,705099,114108, Diesel , 2nd Owner,2018,Maruti
782,Hyundai Grand i10,PLATINUM,Chennai,557599,52030, Diesel , 2nd Owner,2017,Hyundai
783,Mahindra XUV 500,PLATINUM,Pune,1518099,44721, Diesel , 2nd Owner,2018,Mahindra
788,BMW 5 Series,GOLD,NaviMumbai,1059000,49000, Petrol , 3rd Owner,2010,BMW
789,Maruti Suzuki Alto,GOLD,Kolkata,185000,55000, Petrol , 1st Owner,2011,Maruti
791,Mercedes Benz E,GOLD,Kolkata,1948888,10000, Diesel , 1st Owner,2013,Mercedes
792,Tata Harrier -,PLATINUM,Bangalore,2272499,22667, Diesel , 2nd Owner,2020,Tata
793,Honda City -,PLATINUM,Bangalore,626199,68519, Petrol , 1st Owner,2014,Honda
794,Tata Nano -,PLATINUM,Bangalore,236099,64011, Petrol , 1st Owner,2015,Tata
795,Maruti Suzuki Alto,PLATINUM,Bangalore,430499,13598, Petrol , 1st Owner,2021,Maruti
796,Maruti Suzuki Wagon,PLATINUM,Bangalore,442799,47037, Petrol , 2nd Owner,2014,Maruti
797,Hyundai Creta -,PLATINUM,Pune,1373699,69711, Petrol , 2nd Owner,2018,Hyundai
798,Hyundai Elite i20,PLATINUM,Pune,589299,49189, Petrol , 2nd Owner,2015,Hyundai
799,Maruti Suzuki Alto,PLATINUM,Chennai,298199,18368, Petrol , 1st Owner,2016,Maruti
800,Tata Harrier -,PLATINUM,Pune,1508799,16874, Diesel , 2nd Owner,2020,Tata
801,Maruti Suzuki Eeco,PLATINUM,Bangalore,473699,24484, Petrol , 2nd Owner,2019,Maruti
802,Maruti Suzuki Baleno,PLATINUM,Chennai,656299,20688, Petrol , 2nd Owner,2019,Maruti
803,Maruti Suzuki Alto,PLATINUM,Chennai,345799,24065, Petrol , 2nd Owner,2016,Maruti
804,Hyundai Grand i10,PLATINUM,Chennai,584599,22609, Petrol , 2nd Owner,2018,Hyundai
805,Skoda Rapid -,PLATINUM,Pune,786799,56523, Diesel , 2nd Owner,2017,Skoda
806,Hyundai Elite i20,PLATINUM,Chennai,624799,48031, Petrol , 2nd Owner,2018,Hyundai
807,Hyundai Grand i10,PLATINUM,Chennai,472399,45578, Petrol , 1st Owner,2016,Hyundai
808,Hyundai Fluidic Verna,GOLD,Kolkata,408888,70070, Diesel , 1st Owner,2012,Hyundai
809,Hyundai i10 Magna,GOLD,Kolkata,288888,28000, Petrol , 1st Owner,2015,Hyundai
810,Chevrolet Sail 1.2,GOLD,Kolkata,198888,30030, Diesel , 1st Owner,2013,Chevrolet
811,Ford Endeavor 4X4,GOLD,Kolkata,898888,25000, Diesel , 1st Owner,2011,Ford
812,BMW 3 Series,GOLD,Kolkata,1148888,8000, Diesel , 1st Owner,2013,BMW
816,Hyundai Elite i20,PLATINUM,Bangalore,687199,28648, Petrol , 1st Owner,2016,Hyundai
817,Hyundai i10 Magna,PLATINUM,Bangalore,387099,59819, Petrol , 2nd Owner,2015,Hyundai
818,Maruti Suzuki Baleno,PLATINUM,Chennai,650599,19574, Petrol , 2nd Owner,2018,Maruti
819,Tata Hexa -,PLATINUM,Chennai,1705799,46337, Diesel , 2nd Owner,2019,Tata
820,Volkswagen Polo -,PLATINUM,Bangalore,526899,73563, Petrol , 1st Owner,2015,Volkswagen
821,Honda Jazz -,PLATINUM,Chennai,612799,51428, Petrol , 2nd Owner,2016,Honda
822,Maruti Suzuki Alto,PLATINUM,Chennai,269099,95754, Petrol , 2nd Owner,2016,Maruti
823,Tata Hexa -,PLATINUM,Chennai,1952199,34533, Diesel , 2nd Owner,2019,Tata
824,Maruti Suzuki Baleno,PLATINUM,Chennai,646299,50154, Petrol , 2nd Owner,2016,Maruti
825,Maruti Suzuki Celerio,PLATINUM,Bangalore,425899,23492, Petrol , 2nd Owner,2016,Maruti
826,Maruti Suzuki Celerio,PLATINUM,Bangalore,496399,37739, Petrol , 2nd Owner,2017,Maruti
827,Maruti Suzuki Celerio,PLATINUM,Bangalore,393799,46178, Petrol , 3rd Owner,2015,Maruti
828,Maruti Suzuki Baleno,PLATINUM,Chennai,619599,42893, Petrol , 1st Owner,2017,Maruti
829,Maruti Suzuki Alto,PLATINUM,Pune,423599,57875, Petrol + CNG , 2nd Owner,2019,Maruti
830,Hyundai Venue -,PLATINUM,Pune,831999,4832, Petrol , 2nd Owner,2020,Hyundai
831,Renault Triber -,PLATINUM,Chennai,695099,27805, Petrol , 2nd Owner,2019,Renault
832,Hyundai Xcent S,GOLD,Ahmedabad,390000,71000, Diesel , 1st Owner,2014,Hyundai
840,Maruti Suzuki Alto,PLATINUM,Chennai,261499,68844, Petrol , 2nd Owner,2013,Maruti
841,Honda Jazz -,PLATINUM,Chennai,649699,37070, Petrol , 1st Owner,2017,Honda
842,Hyundai Grand i10,PLATINUM,Pune,494099,20393, Petrol , 2nd Owner,2017,Hyundai
843,Maruti Suzuki Alto,PLATINUM,Pune,313399,22244, Petrol , 2nd Owner,2017,Maruti
844,Toyota Fortuner -,PLATINUM,Chennai,2122099,47024, Diesel , 1st Owner,2016,Toyota
845,Hyundai Elite i20,PLATINUM,Chennai,552799,64707, Petrol , 2nd Owner,2015,Hyundai
846,Ford Ecosport -,PLATINUM,Pune,490099,52149, Petrol , 2nd Owner,2013,Ford
847,Hyundai Grand i10,PLATINUM,Pune,638599,11203, Petrol , 2nd Owner,2017,Hyundai
848,Maruti Suzuki Alto,PLATINUM,Pune,374799,18071, Petrol , 2nd Owner,2015,Maruti
849,Hyundai Elite i20,PLATINUM,Chennai,517499,81412, Petrol , 2nd Owner,2016,Hyundai
850,Maruti Suzuki Swift,PLATINUM,Chennai,553899,41912, Petrol , 2nd Owner,2016,Maruti
851,Maruti Suzuki Swift,PLATINUM,Chennai,579199,32516, Petrol , 2nd Owner,2016,Maruti
852,Hyundai Grand i10,PLATINUM,Bangalore,531999,41552, Petrol , 2nd Owner,2015,Hyundai
853,Hyundai Grand i10,PLATINUM,Chennai,496199,21790, Petrol , 1st Owner,2018,Hyundai
854,Maruti Suzuki Baleno,PLATINUM,Chennai,659099,34010, Petrol , 2nd Owner,2019,Maruti
855,Hyundai Elite i20,PLATINUM,Chennai,534799,50050, Petrol , 2nd Owner,2016,Hyundai
864,Hyundai Grand i10,PLATINUM,Chennai,496199,21790, Petrol , 1st Owner,2018,Hyundai
865,Maruti Suzuki Wagon,PLATINUM,Chennai,298599,75822, Petrol , 1st Owner,2011,Maruti
866,Tata Tiago -,PLATINUM,Bangalore,490199,28589, Petrol , 1st Owner,2016,Tata
867,Renault Kwid -,PLATINUM,Bangalore,422999,15883, Petrol , 2nd Owner,2017,Renault
868,Hyundai Elite i20,PLATINUM,Chennai,656399,63648, Petrol , 1st Owner,2016,Hyundai
869,Maruti Suzuki Vitara,PLATINUM,Pune,688599,156931, Diesel , 2nd Owner,2016,Maruti
870,Maruti Suzuki XL6,PLATINUM,Pune,1113299,13829, Petrol , 2nd Owner,2019,Maruti
871,Maruti Suzuki Baleno,PLATINUM,Pune,608399,28361, Petrol , 1st Owner,2016,Maruti
872,Hyundai Grand i10,PLATINUM,Chennai,587399,77960, Petrol , 1st Owner,2017,Hyundai
873,Maruti Suzuki Celerio,PLATINUM,Bangalore,449699,33473, Petrol , 2nd Owner,2015,Maruti
874,Maruti Suzuki Eeco,PLATINUM,Chennai,464899,29052, Petrol , 2nd Owner,2019,Maruti
875,Maruti Suzuki Alto,PLATINUM,Chennai,302699,68041, Petrol , 2nd Owner,2017,Maruti
876,Maruti Suzuki Baleno,PLATINUM,Bangalore,583299,61361, Petrol , 2nd Owner,2015,Maruti
877,Honda BRV -,PLATINUM,Bangalore,877999,32218, Petrol , 2nd Owner,2018,Honda
878,Hyundai i10 Magna,PLATINUM,Chennai,398499,28579, Petrol , 1st Owner,2016,Hyundai
879,Hyundai Grand i10,PLATINUM,Chennai,529399,51343, Petrol , 2nd Owner,2017,Hyundai
884,Honda City V,GOLD,Chennai,950000,35500, Petrol , 1st Owner,2017,Honda
886,Hyundai i20 Sportz,GOLD,Bangalore,439000,16000, Petrol , 1st Owner,2012,Hyundai
888,Renault Kwid RxL,PLATINUM,Bangalore,422299,17357, Petrol , 2nd Owner,2019,Renault
889,Ford Figo Aspire,PLATINUM,Bangalore,589999,14517, Petrol , 2nd Owner,2017,Ford
890,Maruti Suzuki Baleno,PLATINUM,Chennai,661299,13517, Petrol , 1st Owner,2017,Maruti
891,Maruti Suzuki Wagon,PLATINUM,Chennai,429099,42302, Petrol , 1st Owner,2017,Maruti
892,Maruti Suzuki Celerio,PLATINUM,Chennai,389399,65783, Petrol , 2nd Owner,2015,Maruti
893,Renault Lodgy -,PLATINUM,Chennai,629799,138716, Diesel , 2nd Owner,2015,Renault
894,Hyundai i10 Sportz,PLATINUM,Bangalore,397299,43339, Petrol , 1st Owner,2013,Hyundai
895,Maruti Suzuki Ignis,PLATINUM,Pune,546399,19526, Petrol , 2nd Owner,2018,Maruti
896,Maruti Suzuki Alto,PLATINUM,Bangalore,412999,25673, Petrol , 1st Owner,2016,Maruti
897,Maruti Suzuki Celerio,PLATINUM,Chennai,402799,93304, Petrol , 2nd Owner,2016,Maruti
898,Hyundai Creta -,PLATINUM,Chennai,915699,94409, Diesel , 2nd Owner,2019,Hyundai
900,Hyundai EON -,PLATINUM,Chennai,357899,27339, Petrol , 2nd Owner,2016,Hyundai
901,Renault Kwid -,PLATINUM,Pune,475399,9095, Petrol , 2nd Owner,2018,Renault
902,Maruti Suzuki Eeco,PLATINUM,Bangalore,485299,21934, Petrol , 1st Owner,2019,Maruti
903,Maruti Suzuki Baleno,PLATINUM,Bangalore,643599,51706, Petrol , 2nd Owner,2016,Maruti
904,Honda City ZX,GOLD,Dwarka,1069999,54000, CNG , 1st Owner,2018,Honda
905,Honda City ZX,GOLD,GirSomnath,1069999,54000, CNG , 1st Owner,2018,Honda
906,Honda City ZX,GOLD,Anand,1069999,54000, CNG , 1st Owner,2018,Honda
911,Honda WRV VX,GOLD,Kolkata,735000,34000, Petrol , 1st Owner,2018,Honda
912,Maruti Suzuki Wagon,PLATINUM,Pune,438199,31281, Petrol , 1st Owner,2018,Maruti
913,Honda City -,PLATINUM,Bangalore,924599,46312, Petrol , 2nd Owner,2019,Honda
914,Hyundai Elite i20,PLATINUM,Chennai,664099,32989, Petrol , 1st Owner,2018,Hyundai
915,Renault Kwid -,PLATINUM,Bangalore,462299,50599, Petrol , 2nd Owner,2018,Renault
916,Honda Brio -,PLATINUM,Bangalore,438499,26127, Petrol , 2nd Owner,2016,Honda
917,Maruti Suzuki Vitara,PLATINUM,Bangalore,680999,58118, Diesel , 2nd Owner,2016,Maruti
918,Maruti Suzuki Alto,PLATINUM,Chennai,393199,23534, Petrol , 2nd Owner,2019,Maruti
919,Maruti Suzuki Baleno,PLATINUM,Chennai,646799,58978, Petrol , 2nd Owner,2018,Maruti
920,Maruti Suzuki Wagon,PLATINUM,Pune,349999,33103, Petrol , 1st Owner,2014,Maruti
921,Maruti Suzuki Eeco,PLATINUM,Bangalore,419599,14600, Petrol , 2nd Owner,2018,Maruti
922,Maruti Suzuki Baleno,PLATINUM,Pune,585099,26049, Petrol , 2nd Owner,2016,Maruti
923,Ford Freestyle -,PLATINUM,Bangalore,627799,33895, Diesel , 1st Owner,2018,Ford
924,Volkswagen Polo -,PLATINUM,Bangalore,520799,32893, Petrol , 2nd Owner,2017,Volkswagen
925,Maruti Suzuki Swift,PLATINUM,Chennai,410199,61717, Petrol , 3rd Owner,2013,Maruti
926,Maruti Suzuki Wagon,PLATINUM,Chennai,404399,82334, Petrol , 2nd Owner,2017,Maruti
927,Hyundai Verna -,PLATINUM,Chennai,682799,87381, Petrol , 2nd Owner,2017,Hyundai
930,Porsche Cayenne Select,GOLD,Mumbai,3300000,38000, Electric , 1st Owner,2011,Porsche
931,Toyota Innova 2.5,GOLD,Bangalore,1175000,210000, Diesel , 1st Owner,2013,Toyota
936,Ford Ecosport -,PLATINUM,Pune,1045799,34642, Petrol , 2nd Owner,2019,Ford
937,Maruti Suzuki Swift,PLATINUM,Chennai,410199,154104, Petrol , 2nd Owner,2013,Maruti
938,Maruti Suzuki Alto,PLATINUM,Chennai,297299,61826, Petrol , 2nd Owner,2016,Maruti
939,Tata Nexon -,PLATINUM,Pune,980199,44751, Diesel , 2nd Owner,2018,Tata
940,Honda Jazz -,PLATINUM,Chennai,794299,5183, Petrol , 2nd Owner,2019,Honda
941,Maruti Suzuki Swift,PLATINUM,Pune,411899,136082, Diesel , 2nd Owner,2012,Maruti
942,Maruti Suzuki Celerio,PLATINUM,Chennai,557399,5817, Petrol , 1st Owner,2019,Maruti
943,Hyundai Creta -,PLATINUM,Pune,896099,99138, Diesel , 2nd Owner,2015,Hyundai
944,Honda Jazz -,PLATINUM,Pune,637699,27936, Petrol , 2nd Owner,2016,Honda
945,Maruti Suzuki Alto,PLATINUM,Chennai,254499,39845, Petrol , 3rd Owner,2014,Maruti
946,Maruti Suzuki Eeco,PLATINUM,Chennai,457699,15615, Petrol , 2nd Owner,2019,Maruti
947,Honda Brio -,PLATINUM,Chennai,361599,53158, Petrol , 2nd Owner,2012,Honda
948,Maruti Suzuki Baleno,PLATINUM,Pune,675799,16002, Petrol , 2nd Owner,2019,Maruti
949,Maruti Suzuki Wagon,PLATINUM,Pune,389499,31133, Petrol , 1st Owner,2015,Maruti
950,Maruti Suzuki Baleno,PLATINUM,Bangalore,625599,20172, Petrol , 2nd Owner,2016,Maruti
951,Volkswagen Polo -,PLATINUM,Bangalore,686999,69653, Petrol , 1st Owner,2013,Volkswagen
960,Volkswagen Ameo Comfortline,PLATINUM,Chennai,519699,26023, Petrol , 1st Owner,2017,Volkswagen
961,Maruti Suzuki Alto,PLATINUM,Chennai,324599,19805, Petrol , 2nd Owner,2018,Maruti
962,Maruti Suzuki Alto,PLATINUM,Chennai,340199,41365, Petrol , 2nd Owner,2017,Maruti
963,Ford Ecosport -,PLATINUM,Chennai,693999,90001, Diesel , 1st Owner,2017,Ford
964,Hyundai EON Era,PLATINUM,Chennai,310999,45285, Petrol , 2nd Owner,2016,Hyundai
965,Maruti Suzuki Ciaz,PLATINUM,Bangalore,722199,42441, Petrol , 2nd Owner,2016,Maruti
966,Maruti Suzuki Celerio,PLATINUM,Bangalore,485099,24342, Petrol , 3rd Owner,2016,Maruti
967,Maruti Suzuki Dzire,PLATINUM,Chennai,614999,14308, Petrol , 2nd Owner,2017,Maruti
968,Maruti Suzuki Vitara,PLATINUM,Pune,1061399,32456, Diesel , 2nd Owner,2018,Maruti
969,Maruti Suzuki S,PLATINUM,Pune,879699,58448, Diesel , 1st Owner,2018,Maruti
970,Maruti Suzuki Ertiga,PLATINUM,Chennai,755199,86576, Diesel , 2nd Owner,2016,Maruti
971,Ford Ecosport -,PLATINUM,Bangalore,816399,50421, Petrol , 2nd Owner,2018,Ford
972,Maruti Suzuki Eeco,PLATINUM,Chennai,414299,26035, Petrol , 2nd Owner,2017,Maruti
973,Tata Tiago -,PLATINUM,Chennai,476299,23499, Petrol , 2nd Owner,2018,Tata
974,Maruti Suzuki Baleno,PLATINUM,Chennai,572599,25636, Petrol , 2nd Owner,2016,Maruti
975,Kia Seltos -,PLATINUM,Bangalore,1644799,15023, Petrol , 2nd Owner,2019,Kia
979,Kia Carnival -,GOLD,Chennai,1500000,50000, Diesel , 1st Owner,2020,Kia
980,Hyundai Creta -,GOLD,Chennai,1000000,12000, Petrol , 1st Owner,2021,Hyundai
984,Maruti Suzuki Alto,PLATINUM,Bangalore,352199,22584, Petrol , 1st Owner,2015,Maruti
985,Maruti Suzuki Baleno,PLATINUM,Bangalore,566899,22394, Petrol , 2nd Owner,2017,Maruti
986,Maruti Suzuki Dzire,PLATINUM,Chennai,650699,93563, Diesel , 2nd Owner,2017,Maruti
987,Maruti Suzuki Eeco,PLATINUM,Chennai,413399,10537, Petrol , 2nd Owner,2017,Maruti
988,Ford Ecosport -,PLATINUM,Chennai,645799,81515, Diesel , 1st Owner,2016,Ford
989,Jeep Compass -,PLATINUM,Chennai,1551499,24676, Diesel , 2nd Owner,2017,Jeep
990,Maruti Suzuki Alto,PLATINUM,Pune,333699,11917, Petrol , 2nd Owner,2017,Maruti
991,Maruti Suzuki Ertiga,PLATINUM,Pune,811799,69654, Diesel , 2nd Owner,2016,Maruti
992,Maruti Suzuki Alto,PLATINUM,Pune,406899,16226, Petrol , 2nd Owner,2017,Maruti
993,Ford Ecosport -,PLATINUM,Pune,727299,8925, Petrol , 2nd Owner,2018,Ford
994,Honda Jazz -,PLATINUM,Bangalore,657399,27819, Petrol , 2nd Owner,2016,Honda
995,Hyundai Grand i10,PLATINUM,Bangalore,637599,26543, Petrol , 2nd Owner,2020,Hyundai
996,Maruti Suzuki Dzire,PLATINUM,Bangalore,623799,90088, Petrol , 2nd Owner,2017,Maruti
997,Maruti Suzuki Eeco,PLATINUM,Chennai,422899,34258, Petrol , 2nd Owner,2018,Maruti
998,Hyundai i20 Active,PLATINUM,Chennai,576099,101744, Petrol , 2nd Owner,2015,Hyundai
999,Jeep Compass -,PLATINUM,Pune,1987699,19830, Petrol , 2nd Owner,2019,Jeep
1008,MG Motors Hector,PLATINUM,Pune,1652199,13636, Petrol , 1st Owner,2019,MG
1009,Hyundai Venue -,PLATINUM,Bangalore,1217499,21393, Petrol , 2nd Owner,2019,Hyundai
1010,Hyundai Creta -,PLATINUM,Pune,1198299,76915, Diesel , 2nd Owner,2017,Hyundai
1011,Hyundai Grand i10,PLATINUM,Chennai,590799,16300, Petrol , 2nd Owner,2018,Hyundai
1012,Hyundai Elite i20,PLATINUM,Pune,844999,40106, Diesel , 2nd Owner,2019,Hyundai
1013,Renault Kwid RXT,PLATINUM,Bangalore,328499,66461, Petrol , 1st Owner,2015,Renault
1014,Hyundai Creta -,PLATINUM,Pune,769599,48182, Petrol , 2nd Owner,2016,Hyundai
1015,Hyundai Elite i20,PLATINUM,Bangalore,654299,41816, Petrol , 1st Owner,2017,Hyundai
1016,Hyundai i20 -,PLATINUM,Chennai,395699,73841, Petrol , 2nd Owner,2012,Hyundai
1017,Renault Kwid RxL,PLATINUM,Chennai,294799,19908, Petrol , 3rd Owner,2016,Renault
1018,Hyundai Elite i20,PLATINUM,Chennai,534499,26226, Petrol , 1st Owner,2018,Hyundai
1019,Maruti Suzuki Baleno,PLATINUM,Chennai,681399,43287, Petrol , 2nd Owner,2016,Maruti
1020,Datsun Redi GO,PLATINUM,Bangalore,415699,26527, Petrol , 2nd Owner,2018,Datsun
1021,Maruti Suzuki Alto,PLATINUM,Bangalore,300199,37801, Petrol , 3rd Owner,2017,Maruti
1022,Maruti Suzuki Vitara,PLATINUM,Chennai,856699,54044, Diesel , 2nd Owner,2017,Maruti
1023,Ford Figo Aspire,PLATINUM,Pune,481399,29632, Petrol , 2nd Owner,2017,Ford
1027,Hyundai i10 Magna,GOLD,Bangalore,229000,65000, Petrol , 1st Owner,2014,Hyundai
1029,Jeep Compass Limited,GOLD,Mahasamund,1750000,31000, Diesel , 1st Owner,2017,Jeep
1030,Jeep Compass Limited,GOLD,Bilaspur,1750000,31000, Diesel , 1st Owner,2017,Jeep
1031,Jeep Compass Limited,GOLD,Jagdalpur,1750000,31000, Diesel , 1st Owner,2017,Jeep
